date,clothing,coffee,cosmetics,dessert,education,food,fuel,health,market & shopping,money_transfer,other,subscriptions,transportation,travel,total_spent,log_total_spent,phase,weekday,is_weekend
2024-05-06,0.0,0.0,0.0,0.0,208.0,451.0,0.0,0.0,9.0,0.0,0.0,0.0,0.0,0.0,668.0,6.505784060128229,Menstruation,0,0
2024-05-07,0.0,0.0,0.0,0.0,0.0,405.0,0.0,0.0,0.0,0.0,0.0,0.0,0.0,0.0,405.0,6.0063531596017325,Menstruation,1,0
2024-05-08,0.0,0.0,0.0,0.0,133.0,140.0,0.0,0.0,0.0,184.43,0.0,0.0,0.0,0.0,457.43,6.127807608285275,Menstruation,2,0
2024-05-09,0.0,0.0,0.0,0.0,0.0,620.0,0.0,0.0,0.0,0.0,0.0,0.0,0.0,0.0,620.0,6.431331081933479,Menstruation,3,0
2024-05-10,0.0,200.0,0.0,0.0,0.0,176.0,0.0,0.0,0.0,0.0,0.0,0.0,0.0,0.0,376.0,5.932245187448011,Menstruation,4,0
2024-05-11,0.0,0.0,0.0,0.0,155.0,0.0,0.0,0.0,0.0,0.0,48.0,0.0,0.0,0.0,203.0,5.318119993844216,Menstruation,5,1
2024-05-12,0.0,0.0,264.42,0.0,0.0,0.0,0.0,0.0,692.39,214.43,1229.0,0.0,0.0,0.0,2400.24,7.783740549576438,Follicular,6,1
2024-05-13,0.0,0.0,1004.82,0.0,0.0,105.0,0.0,0.0,0.0,0.0,4550.0,0.0,0.0,0.0,5659.82,8.641324037028756,Follicular,0,0
2024-05-14,0.0,0.0,0.0,0.0,500.0,190.0,0.0,0.0,0.0,154.43,0.0,0.0,0.0,0.0,844.4300000000001,6.739845373663468,Follicular,1,0
2024-05-15,0.0,0.0,0.0,0.0,0.0,15.0,0.0,0.0,0.0,84.43,0.0,0.0,0.0,0.0,99.43,4.609460967405248,Follicular,2,0
2024-05-16,0.0,250.0,0.0,0.0,0.0,170.0,0.0,0.0,0.0,0.0,0.0,0.0,0.0,0.0,420.0,6.042632833682381,Follicular,3,0
2024-05-17,0.0,0.0,0.0,0.0,0.0,0.0,0.0,0.0,990.0,258.86,930.0,0.0,0.0,20.0,2198.86,7.696149000957892,Follicular,4,0
2024-05-18,0.0,0.0,0.0,0.0,0.0,700.0,0.0,0.0,0.0,0.0,1615.0,0.0,0.0,0.0,2315.0,7.7475968386928855,Follicular,5,1
2024-05-19,0.0,0.0,0.0,0.0,0.0,330.0,0.0,0.0,0.0,104.43,0.0,0.0,0.0,0.0,434.43,6.0763340485857364,Follicular,6,1
2024-05-20,0.0,0.0,0.0,0.0,0.0,119.0,0.0,0.0,0.0,146.93,285.0,0.0,0.0,0.0,550.9300000000001,6.313421226641623,Follicular,0,0
2024-05-21,0.0,0.0,0.0,0.0,0.0,245.0,0.0,0.0,0.0,0.0,0.0,0.0,47.0,0.0,292.0,5.680172609017068,Ovulation,1,0
2024-05-22,0.0,0.0,0.0,0.0,0.0,60.0,0.0,0.0,0.0,0.0,14.0,0.0,0.0,0.0,74.0,4.31748811353631,Ovulation,2,0
2024-05-23,0.0,33.0,0.0,0.0,0.0,382.0,0.0,0.0,0.0,0.0,0.0,0.0,0.0,0.0,415.0,6.030685260261263,Luteal,3,0
2024-05-24,0.0,0.0,0.0,0.0,0.0,157.0,0.0,0.0,0.0,0.0,0.0,0.0,0.0,0.0,157.0,5.062595033026967,Luteal,4,0
2024-05-25,0.0,0.0,0.0,0.0,0.0,905.0,0.0,0.0,0.0,0.0,0.0,0.0,0.0,0.0,905.0,6.80903930604298,Luteal,5,1
2024-05-26,0.0,0.0,0.0,0.0,60.0,694.0,0.0,0.0,0.0,0.0,0.0,0.0,0.0,0.0,754.0,6.626717749249025,Luteal,6,1
2024-05-27,0.0,0.0,0.0,0.0,0.0,292.0,0.0,0.0,0.0,229.43,0.0,32.99,0.0,0.0,554.4200000000001,6.319724584307175,Luteal,0,0
2024-05-28,0.0,174.0,0.0,0.0,0.0,235.0,0.0,0.0,0.0,0.0,0.0,0.0,0.0,0.0,409.0,6.016157159698354,Luteal,1,0
2024-05-29,0.0,250.0,0.0,0.0,0.0,529.0,0.0,0.0,0.0,0.0,0.0,0.0,0.0,0.0,779.0,6.659293919683638,Luteal,2,0
2024-05-30,0.0,0.0,0.0,0.0,0.0,0.0,0.0,0.0,0.0,0.0,550.0,0.0,0.0,0.0,550.0,6.311734809152915,Luteal,3,0
2024-05-31,0.0,115.0,0.0,0.0,0.0,375.0,0.0,0.0,0.0,0.0,0.0,0.0,0.0,0.0,490.0,6.19644412779452,Luteal,4,0
2024-06-01,0.0,0.0,0.0,0.0,0.0,0.0,0.0,0.0,0.0,384.43,0.0,0.0,0.0,0.0,384.43,5.954359594154741,Luteal,5,1
2024-06-02,0.0,230.0,0.0,0.0,0.0,489.0,0.0,0.0,0.0,4.43,0.0,0.0,0.0,0.0,723.43,6.585385138735395,Luteal,6,1
2024-06-03,0.0,0.0,0.0,0.0,0.0,75.0,0.0,0.0,0.0,94.43,0.0,0.0,0.0,0.0,169.43,5.138324655237145,Luteal,0,0
2024-06-04,0.0,103.0,0.0,0.0,110.0,389.0,0.0,0.0,0.0,0.0,0.0,0.0,0.0,0.0,602.0,6.401917196727186,Luteal,1,0
2024-06-05,0.0,0.0,0.0,0.0,40.0,407.0,0.0,0.0,0.0,0.0,305.0,0.0,0.0,0.0,752.0,6.6240652277998935,Luteal,2,0
2024-06-06,0.0,120.0,0.0,0.0,0.0,145.0,0.0,0.0,0.0,0.0,0.0,0.0,0.0,0.0,265.0,5.583496308781699,Luteal,3,0
2024-06-07,0.0,200.0,0.0,0.0,0.0,170.0,390.0,0.0,0.0,0.0,0.0,0.0,0.0,0.0,760.0,6.634633357861686,Luteal,4,0
2024-06-08,4090.01,0.0,0.0,0.0,0.0,315.0,0.0,0.0,0.0,0.0,0.0,0.0,0.0,0.0,4405.01,8.390724796992032,Luteal,5,1
2024-06-09,0.0,0.0,0.0,0.0,0.0,660.0,40.0,0.0,0.0,0.0,1357.5,0.0,0.0,0.0,2057.5,7.629732841209959,Unknown,6,1
2024-06-10,0.0,0.0,0.0,0.0,0.0,750.0,0.0,0.0,0.0,0.0,0.0,0.0,0.0,0.0,750.0,6.621405651764134,Unknown,0,0
2024-06-12,0.0,0.0,0.0,0.0,0.0,0.0,0.0,0.0,0.0,0.0,333.0,0.0,0.0,0.0,333.0,5.8111409929767,Menstruation,2,0
2024-06-13,0.0,0.0,0.0,0.0,0.0,0.0,0.0,0.0,0.0,0.0,0.0,0.0,1709.99,0.0,1709.99,7.444827429339755,Menstruation,3,0
2024-06-15,1050.0,0.0,0.0,0.0,0.0,0.0,0.0,0.0,0.0,0.0,2600.0,0.0,0.0,0.0,3650.0,8.202756381655638,Menstruation,5,1
2024-06-16,0.0,0.0,0.0,0.0,0.0,483.35,0.0,0.0,0.0,0.0,0.0,0.0,0.0,0.0,483.35,6.182807785872394,Menstruation,6,1
2024-06-17,0.0,0.0,0.0,85.0,0.0,75.0,66.0,0.0,15.0,0.0,40.0,0.0,0.0,0.0,281.0,5.641907070938114,Menstruation,0,0
2024-06-18,2858.95,0.0,0.0,0.0,0.0,0.0,0.0,0.0,0.0,0.0,259.08,0.0,0.0,0.0,3118.0299999999997,8.045277335029004,Menstruation,1,0
2024-06-19,0.0,0.0,0.0,0.0,0.0,0.0,0.0,0.0,0.0,0.0,585.0,0.0,0.0,0.0,585.0,6.373319789577012,Follicular,2,0
2024-06-20,0.0,0.0,658.5,0.0,0.0,230.35,0.0,1464.0,10.75,0.0,1610.23,0.0,0.0,0.0,3973.83,8.287737258878288,Follicular,3,0
2024-06-21,0.0,0.0,0.0,0.0,0.0,0.0,0.0,0.0,10.0,0.0,0.0,0.0,0.0,0.0,10.0,2.3978952727983707,Follicular,4,0
2024-06-25,0.0,0.0,0.0,0.0,0.0,0.0,0.0,0.0,0.0,0.0,0.0,0.0,3584.0,0.0,3584.0,8.184513753033722,Follicular,1,0
2024-06-26,0.0,0.0,0.0,0.0,0.0,0.0,0.0,0.0,0.0,0.0,0.0,32.99,0.0,0.0,32.99,3.5260663637080247,Follicular,2,0
2024-07-01,0.0,0.0,0.0,0.0,0.0,0.0,0.0,0.0,0.0,0.0,0.0,0.0,516.66,0.0,516.66,6.249318656097587,Luteal,0,0
2024-07-02,0.0,0.0,0.0,0.0,0.0,0.0,0.0,0.0,0.0,0.0,0.0,0.0,0.0,9220.02,9220.02,9.12924093949894,Luteal,1,0
2024-07-13,0.0,0.0,0.0,0.0,0.0,0.0,0.0,0.0,0.0,304.43,0.0,0.0,0.0,0.0,304.43,5.721720619787214,Follicular,5,1
2024-07-26,0.0,0.0,0.0,0.0,0.0,0.0,0.0,0.0,0.0,0.0,0.0,59.99,0.0,0.0,59.99,4.110709916308365,Unknown,4,0
2024-07-31,1400.0,0.0,0.0,0.0,0.0,199.0,0.0,506.0,0.0,0.0,3700.0,0.0,0.0,0.0,5805.0,8.666647144584575,Unknown,2,0
2024-08-04,0.0,175.0,0.0,0.0,0.0,120.0,0.0,0.0,0.0,0.0,1000.0,0.0,0.0,0.0,1295.0,7.16703787691222,Unknown,6,1
2024-08-05,974.9,0.0,166.9,0.0,0.0,0.0,0.0,0.0,180.9,0.0,1105.46,0.0,0.0,0.0,2428.16,7.795300797561486,Unknown,0,0
2024-08-06,0.0,0.0,0.0,0.0,0.0,0.0,0.0,0.0,0.0,0.0,4000.0,0.0,0.0,0.0,4000.0,8.294299608857235,Unknown,1,0
2024-08-07,0.0,0.0,0.0,0.0,0.0,0.0,1500.0,0.0,283.58,0.0,0.0,0.0,0.0,0.0,1783.58,7.486938372410089,Unknown,2,0
2024-08-09,0.0,0.0,0.0,0.0,0.0,0.0,0.0,0.0,0.0,0.0,515.0,0.0,0.0,0.0,515.0,6.246106765481563,Unknown,4,0
2024-08-10,0.0,0.0,0.0,0.0,0.0,0.0,0.0,0.0,0.0,0.0,260.0,0.0,0.0,0.0,260.0,5.564520407322694,Unknown,5,1
2024-08-12,224.0,0.0,0.0,0.0,0.0,0.0,0.0,0.0,0.0,0.0,0.0,0.0,0.0,0.0,224.0,5.41610040220442,Unknown,0,0
2024-08-13,0.0,0.0,0.0,0.0,0.0,0.0,0.0,0.0,0.0,0.0,70.0,0.0,0.0,0.0,70.0,4.2626798770413155,Unknown,1,0
2024-08-14,0.0,0.0,0.0,0.0,0.0,0.0,2135.0,0.0,0.0,0.0,0.0,0.0,0.0,0.0,2135.0,7.666690200080086,Unknown,2,0
2024-08-15,0.0,260.0,0.0,0.0,0.0,0.0,0.0,0.0,0.0,0.0,0.0,0.0,5636.0,135.0,6031.0,8.704833909687792,Unknown,3,0
2024-08-16,0.0,15.0,0.0,0.0,0.0,0.0,0.0,0.0,0.0,0.0,3000.0,0.0,0.0,0.0,3015.0,8.011686729127847,Unknown,4,0
2024-08-18,0.0,0.0,0.0,0.0,0.0,0.0,1000.0,0.0,0.0,0.0,0.0,0.0,0.0,0.0,1000.0,6.90875477931522,Unknown,6,1
2024-08-19,0.0,0.0,0.0,0.0,0.0,10.0,0.0,0.0,29.95,0.0,70.0,0.0,0.0,0.0,109.95,4.709079649378603,Unknown,0,0
2024-08-20,0.0,0.0,0.0,0.0,0.0,0.0,0.0,0.0,0.0,0.0,225.0,0.0,0.0,0.0,225.0,5.420534999272286,Menstruation,1,0
2024-08-21,0.0,0.0,0.0,195.0,0.0,0.0,1500.0,0.0,0.0,0.0,0.0,0.0,0.0,0.0,1695.0,7.4360278163518485,Menstruation,2,0
2024-08-25,0.0,0.0,0.0,0.0,0.0,0.0,1000.0,0.0,0.0,0.0,0.0,0.0,0.0,0.0,1000.0,6.90875477931522,Follicular,6,1
2024-08-26,0.0,0.0,0.0,0.0,0.0,443.7,0.0,0.0,0.0,0.0,0.0,59.99,0.0,0.0,503.69,6.223944379399179,Follicular,0,0
2024-08-27,0.0,0.0,0.0,0.0,0.0,0.0,0.0,0.0,0.0,0.0,912.0799999999999,0.0,0.0,3759.99,4672.07,8.44957152225868,Follicular,1,0
2024-08-28,0.0,0.0,0.0,0.0,0.0,0.0,0.0,0.0,0.0,0.0,1500.0,0.0,0.0,0.0,1500.0,7.313886831633462,Follicular,2,0
2024-08-31,0.0,0.0,0.0,0.0,0.0,0.0,0.0,0.0,0.0,0.0,910.0,0.0,0.0,0.0,910.0,6.814542897259958,Follicular,5,1
2024-09-02,0.0,162.0,0.0,0.0,0.0,0.0,0.0,0.0,0.0,0.0,365.45,0.0,0.0,0.0,527.45,6.269948193455356,Follicular,0,0
2024-09-03,0.0,0.0,0.0,0.0,0.0,0.0,0.0,0.0,0.0,0.0,825000.0,0.0,0.0,0.0,825000.0,13.623139877437296,Ovulation,1,0
2024-09-04,0.0,0.0,0.0,0.0,0.0,0.0,0.0,0.0,1078.8,0.0,20.0,0.0,0.0,0.0,1098.8,7.002883624073714,Ovulation,2,0
2024-09-05,0.0,0.0,0.0,0.0,0.0,0.0,0.0,0.0,0.0,600110.8,0.0,0.0,0.0,0.0,600110.8,13.304871250173717,Luteal,3,0
2024-09-10,0.0,0.0,0.0,0.0,0.0,0.0,0.0,0.0,0.0,0.0,19.5,0.0,0.0,0.0,19.5,3.0204248861443626,Luteal,1,0
2024-09-11,280.0,0.0,0.0,0.0,0.0,0.0,0.0,0.0,0.0,0.0,365.0,0.0,20.0,0.0,665.0,6.501289670540389,Luteal,2,0
2024-09-12,0.0,0.0,0.0,0.0,0.0,0.0,0.0,0.0,0.0,98008.86,0.0,0.0,0.0,0.0,98008.86,11.492823364836534,Luteal,3,0
2024-09-13,0.0,75.0,0.0,0.0,0.0,561.24,0.0,0.0,0.0,0.0,0.0,0.0,20.0,0.0,656.24,6.48804924858363,Luteal,4,0
2024-09-14,0.0,0.0,0.0,0.0,0.0,0.0,0.0,0.0,0.0,1198.8600000000001,818.9100000000001,0.0,0.0,0.0,2017.7700000000002,7.610243694042635,Luteal,5,1
2024-09-15,0.0,0.0,0.0,0.0,0.0,0.0,0.0,0.0,0.0,0.0,220.0,0.0,0.0,0.0,220.0,5.3981627015177525,Luteal,6,1
2024-09-16,0.0,0.0,0.0,0.0,0.0,0.0,0.0,0.0,7.5,15000.0,0.0,0.0,0.0,0.0,15007.5,9.616371986256087,Luteal,0,0
2024-09-18,0.0,0.0,1350.0,0.0,0.0,0.0,0.0,0.0,0.0,0.0,0.0,0.0,0.0,0.0,1350.0,7.208600337960199,Luteal,2,0
2024-09-21,0.0,0.0,0.0,0.0,0.0,0.0,0.0,0.0,9.75,0.0,0.0,0.0,1660.0,0.0,1669.75,7.4210279063911795,Luteal,5,1
2024-09-22,0.0,1450.0,0.0,0.0,0.0,0.0,0.0,0.0,0.0,0.0,0.0,0.0,0.0,0.0,1450.0,7.280008252884188,Luteal,6,1
2024-09-23,0.0,0.0,0.0,0.0,200.0,0.0,0.0,0.0,0.0,0.0,0.0,0.0,0.0,0.0,200.0,5.303304908059076,Luteal,0,0
2024-09-24,0.0,90.0,0.0,0.0,200.0,0.0,0.0,0.0,0.0,0.0,0.0,0.0,0.0,0.0,290.0,5.673323267171493,Menstruation,1,0
2024-09-25,532.14,85.0,623.75,0.0,1000.0,0.0,0.0,0.0,0.0,878.8599999999999,0.0,0.0,100.0,0.0,3219.75,8.077369530671634,Menstruation,2,0
2024-09-26,0.0,0.0,0.0,0.0,235.0,405.0,0.0,0.0,0.0,0.0,0.0,0.0,0.0,0.0,640.0,6.46302945692067,Menstruation,3,0
2024-09-27,354.98,160.0,0.0,0.0,0.0,600.0,0.0,0.0,70.0,20000.0,390.0,0.0,0.0,0.0,21574.98,9.97933593786326,Menstruation,4,0
2024-09-28,186.98,340.0,0.0,0.0,0.0,180.0,0.0,0.0,51.0,255.43,282.5,0.0,0.0,0.0,1295.91,7.167739791006702,Menstruation,5,1
2024-09-29,0.0,0.0,0.0,0.0,0.0,0.0,0.0,0.0,0.0,114.43,0.0,0.0,0.0,0.0,114.43,4.748664285626821,Follicular,6,1
2024-09-30,0.0,0.0,0.0,0.0,0.0,0.0,0.0,0.0,0.0,0.0,162603.98,0.0,0.0,0.0,162603.98,11.999079102933115,Luteal,0,0
2024-10-01,0.0,0.0,0.0,0.0,0.0,0.0,0.0,0.0,0.0,1004.43,0.0,0.0,0.0,0.0,1004.43,6.913170589683406,Follicular,1,0
2024-10-03,0.0,0.0,0.0,0.0,0.0,144.0,0.0,0.0,0.0,0.0,0.0,0.0,0.0,0.0,144.0,4.976733742420574,Follicular,3,0
2024-10-04,0.0,0.0,0.0,0.0,65.22,25.0,0.0,0.0,0.0,18513.29,132000.0,0.0,90.0,0.0,150693.51,11.923009953957635,Luteal,4,0
2024-10-06,0.0,0.0,0.0,0.0,0.0,220.0,0.0,0.0,1250.2,1263.29,0.0,0.0,434.55,0.0,3168.04,8.061183981889581,Luteal,6,1
2024-10-07,0.0,79.0,0.0,0.0,0.0,0.0,0.0,0.0,0.0,0.0,0.0,0.0,0.0,0.0,79.0,4.382026634673881,Follicular,0,0
2024-10-08,0.0,0.0,0.0,0.0,500.0,0.0,0.0,0.0,0.0,1435.29,0.0,59.99,100.0,5331.0,7426.28,8.912914987241411,Ovulation,1,0
2024-10-09,479.9,0.0,0.0,285.0,0.0,224.0,0.0,0.0,0.0,0.0,133.95,0.0,0.0,0.0,1122.85,7.024515569590836,Ovulation,2,0
2024-10-10,0.0,0.0,0.0,0.0,0.0,197.0,0.0,0.0,0.0,0.0,18.0,0.0,255.0,0.0,470.0,6.154858094016418,Luteal,3,0
2024-10-11,631.52,0.0,0.0,0.0,0.0,60.0,0.0,0.0,0.0,0.0,0.0,0.0,0.0,0.0,691.52,6.540337118510875,Luteal,4,0
2024-10-12,0.0,305.0,0.0,0.0,0.0,0.0,0.0,0.0,0.0,0.0,0.0,0.0,0.0,0.0,305.0,5.723585101952381,Luteal,5,1
2024-10-15,0.0,0.0,0.0,0.0,90.0,0.0,0.0,0.0,0.0,0.0,0.0,0.0,0.0,0.0,90.0,4.51085950651685,Luteal,1,0
2024-10-16,0.0,0.0,0.0,0.0,500.0,0.0,0.0,0.0,0.0,0.0,0.0,0.0,0.0,0.0,500.0,6.2166061010848646,Luteal,2,0
2024-10-17,0.0,0.0,0.0,310.0,0.0,118.0,0.0,0.0,21.0,0.0,681.87,0.0,50.0,0.0,1180.87,7.074853208837935,Luteal,3,0
2024-10-18,0.0,195.0,0.0,0.0,0.0,720.0,0.0,0.0,0.0,0.0,102.0,0.0,20.0,0.0,1037.0,6.945051063725834,Luteal,4,0
2024-10-19,0.0,0.0,0.0,0.0,500.0,0.0,0.0,0.0,0.0,298.86,0.0,0.0,0.0,0.0,798.86,6.684436712353641,Luteal,5,1
2024-10-20,0.0,0.0,0.0,0.0,95.0,121.5,0.0,0.0,2390.0,74.43,0.0,0.0,4384.18,0.0,7065.110000000001,8.863065395304286,Luteal,6,1
2024-10-21,0.0,150.0,0.0,0.0,0.0,85.0,0.0,0.0,0.0,0.0,0.0,0.0,0.0,0.0,235.0,5.4638318050256105,Luteal,0,0
2024-10-22,0.0,0.0,0.0,0.0,0.0,185.0,0.0,0.0,0.0,0.0,11.0,0.0,0.0,0.0,196.0,5.2832037287379885,Luteal,1,0
2024-10-23,0.0,0.0,0.0,0.0,0.0,305.0,0.0,0.0,0.0,0.0,0.0,0.0,0.0,0.0,305.0,5.723585101952381,Luteal,2,0
2024-10-24,0.0,0.0,0.0,0.0,0.0,500.0,0.0,0.0,0.0,0.0,0.0,0.0,0.0,0.0,500.0,6.2166061010848646,Luteal,3,0
2024-10-25,0.0,0.0,0.0,0.0,0.0,435.0,77.0,0.0,876.0,0.0,0.0,0.0,40.0,0.0,1428.0,7.264730177929867,Luteal,4,0
2024-10-26,0.0,0.0,0.0,0.0,0.0,0.0,0.0,0.0,0.0,0.0,0.0,59.99,0.0,0.0,59.99,4.110709916308365,Luteal,5,1
2024-10-29,0.0,250.0,0.0,0.0,1000.0,0.0,0.0,0.0,0.0,252.11,0.11,0.0,0.0,0.0,1502.22,7.315364752960186,Menstruation,1,0
2024-10-30,0.0,0.0,0.0,0.0,0.0,350.0,0.0,0.0,0.0,0.0,11.0,0.0,0.0,0.0,361.0,5.891644211825771,Menstruation,2,0
2024-10-31,0.0,0.0,0.0,0.0,0.0,148.0,0.0,0.0,0.0,0.0,0.0,0.0,2338.91,0.0,2486.91,7.8191982795713475,Menstruation,3,0
2024-11-01,0.0,0.0,0.0,0.0,0.0,170.0,0.0,0.0,0.0,1004.43,11.0,0.0,0.0,0.0,1185.4299999999998,7.078704077085276,Menstruation,4,0
2024-11-02,0.0,110.0,0.0,0.0,0.0,60.0,0.0,0.0,0.0,388.86,77.0,0.0,0.0,0.0,635.86,6.456549851197171,Follicular,5,1
2024-11-03,0.0,0.0,0.0,0.0,0.0,400.0,0.0,0.0,0.0,0.0,21.0,0.0,0.0,0.0,421.0,6.045005314036012,Follicular,6,1
2024-11-04,0.0,0.0,0.0,0.0,0.0,265.0,0.0,0.0,0.0,0.0,0.0,0.0,0.0,0.0,265.0,5.583496308781699,Follicular,0,0
2024-11-05,0.0,0.0,0.0,0.0,0.0,210.0,0.0,0.0,0.0,134.43,0.0,0.0,0.0,0.0,344.43,5.84479001776017,Follicular,1,0
2024-11-06,0.0,0.0,0.0,0.0,0.0,220.0,0.0,0.0,1199.0,0.0,102.0,0.0,0.0,0.0,1521.0,7.3277805384216315,Follicular,2,0
2024-11-07,0.0,0.0,0.0,0.0,0.0,380.0,0.0,0.0,0.0,0.0,75.0,0.0,0.0,0.0,455.0,6.1224928095143865,Follicular,3,0
2024-11-08,0.0,250.0,0.0,0.0,500.0,164.0,0.0,0.0,0.0,7622.04,0.0,0.0,0.0,0.0,8536.04,9.052169622486035,Follicular,4,0
2024-11-09,0.0,0.0,0.0,0.0,0.0,320.0,0.0,0.0,0.0,304.43,0.0,0.0,0.0,0.0,624.4300000000001,6.438439413172899,Follicular,5,1
2024-11-10,0.0,0.0,0.0,480.0,0.0,660.5,0.0,0.0,0.0,0.0,0.0,0.0,0.0,0.0,1140.5,7.04009846596985,Follicular,6,1
2024-11-11,0.0,0.0,999.0,0.0,0.0,0.0,0.0,0.0,0.0,204.43,2299.7799999999997,0.0,311.0,0.0,3814.21,8.24675098807515,Ovulation,0,0
2024-11-12,0.0,0.0,0.0,0.0,0.0,304.8,0.0,0.0,0.0,0.0,0.0,0.0,0.0,0.0,304.8,5.722931293494962,Ovulation,1,0
2024-11-13,0.0,0.0,0.0,0.0,0.0,330.0,0.0,0.0,0.0,134.43,0.0,0.0,2968.1200000000003,0.0,3432.55,8.141349990354584,Luteal,2,0
2024-11-14,0.0,0.0,0.0,0.0,219.0,580.0,0.0,0.0,0.0,0.0,0.0,0.0,0.0,0.0,799.0,6.684611727667927,Luteal,3,0
2024-11-15,0.0,0.0,0.0,0.0,0.0,414.0,0.0,0.0,0.0,0.0,200.0,0.0,71.0,0.0,685.0,6.530877627725885,Luteal,4,0
2024-11-18,0.0,0.0,0.0,0.0,0.0,429.0,0.0,0.0,0.0,0.0,19.0,0.0,70.0,0.0,518.0,6.251903883165888,Luteal,0,0
2024-11-19,0.0,0.0,0.0,0.0,0.0,563.0,0.0,0.0,0.0,0.0,0.0,0.0,0.0,0.0,563.0,6.335054251498059,Luteal,1,0
2024-11-20,0.0,150.0,0.0,0.0,0.0,0.0,0.0,0.0,0.0,304.43,11.0,0.0,0.0,0.0,465.43,6.145107955437664,Luteal,2,0
2024-11-21,0.0,0.0,0.0,0.0,200.0,225.0,0.0,0.0,0.0,0.0,42.0,0.0,0.0,0.0,467.0,6.148468295917647,Luteal,3,0
2024-11-22,0.0,200.0,0.0,0.0,60.0,0.0,0.0,0.0,0.0,0.0,11.0,0.0,0.0,0.0,271.0,5.605802066295998,Luteal,4,0
2024-11-23,0.0,200.0,0.0,0.0,200.0,0.0,0.0,0.0,0.0,0.0,471.0,0.0,0.0,0.0,871.0,6.77078942390898,Luteal,5,1
2024-11-24,0.0,100.0,0.0,0.0,0.0,785.0,0.0,0.0,1299.0,0.0,466.75,0.0,60.0,0.0,2710.75,7.905349461920327,Luteal,6,1
2024-11-25,0.0,0.0,0.0,0.0,500.0,265.0,0.0,0.0,0.0,0.0,0.0,0.0,0.0,0.0,765.0,6.641182169740591,Luteal,0,0
2024-11-26,0.0,0.0,0.0,0.0,0.0,155.0,0.0,0.0,0.0,0.0,0.0,59.99,0.0,0.0,214.99,5.375232110316162,Luteal,1,0
2024-11-27,0.0,50.0,0.0,0.0,0.0,215.0,0.0,0.0,0.0,0.0,0.0,0.0,0.0,0.0,265.0,5.583496308781699,Luteal,2,0
2024-11-28,0.0,0.0,0.0,0.0,60.0,240.0,0.0,0.0,0.0,0.0,0.0,0.0,20.0,0.0,320.0,5.771441123130016,Luteal,3,0
2024-11-29,0.0,0.0,0.0,0.0,0.0,0.0,0.0,0.0,0.0,0.0,80.0,0.0,0.0,0.0,80.0,4.394449154672439,Menstruation,4,0
2024-11-30,3650.0,250.0,0.0,0.0,0.0,239.0,0.0,0.0,0.0,0.0,17.0,0.0,0.0,0.0,4156.0,8.332548939252638,Luteal,5,1
2024-12-01,0.0,0.0,0.0,0.0,0.0,415.0,0.0,0.0,81.75,304.43,11.0,0.0,242.0,0.0,1054.18,6.961466647470637,Follicular,6,1
2024-12-02,0.0,150.0,0.0,0.0,0.0,60.0,0.0,0.0,0.0,0.0,0.0,0.0,0.0,0.0,210.0,5.351858133476067,Luteal,0,0
2024-12-03,0.0,0.0,0.0,0.0,0.0,225.0,0.0,0.0,0.0,0.0,0.0,0.0,0.0,0.0,225.0,5.420534999272286,Luteal,1,0
2024-12-04,0.0,0.0,0.0,0.0,0.0,329.0,0.0,0.0,0.0,204.43,0.0,0.0,0.0,0.0,533.4300000000001,6.281200758371324,Follicular,2,0
2024-12-05,0.0,0.0,0.0,0.0,0.0,60.0,0.0,0.0,0.0,254.43,0.0,0.0,0.0,0.0,314.43,5.753936787316924,Follicular,3,0
2024-12-06,0.0,250.0,0.0,0.0,199.0,195.0,0.0,0.0,0.0,224.43,0.0,0.0,0.0,0.0,868.4300000000001,6.7678378245156,Follicular,4,0
2024-12-07,0.0,0.0,0.0,0.0,0.0,0.0,0.0,0.0,0.0,134.43,0.0,0.0,0.0,0.0,134.43,4.90845490166728,Follicular,5,1
2024-12-08,279.0,0.0,0.0,0.0,0.0,181.99,0.0,0.0,51.75,179.43,915.0,0.0,0.0,0.0,1607.17,7.382852165543834,Follicular,6,1
2024-12-09,0.0,0.0,0.0,0.0,0.0,179.0,0.0,0.0,6.5,104.43,0.0,0.0,0.0,0.0,289.93,5.673082688406564,Follicular,0,0
2024-12-10,0.0,60.0,0.0,0.0,500.0,0.0,0.0,0.0,2898.0,0.0,0.0,0.0,0.0,482.0,3940.0,8.279189777195004,Ovulation,1,0
2024-12-11,0.0,0.0,0.0,0.0,0.0,550.0,0.0,0.0,0.0,0.0,475.0,0.0,60.0,0.0,1085.0,6.990256500493881,Ovulation,2,0
2024-12-12,0.0,0.0,0.0,0.0,29.9,260.0,0.0,0.0,0.0,0.0,80.0,0.0,0.0,0.0,369.9,5.915932484495545,Luteal,3,0
2024-12-13,0.0,0.0,0.0,0.0,0.0,650.0,0.0,0.0,0.0,0.0,0.0,0.0,0.0,1413.0,2063.0,7.6324011266014535,Luteal,4,0
2024-12-14,0.0,0.0,341.25,0.0,0.0,1522.0,0.0,0.0,0.0,0.0,0.0,0.0,90.0,0.0,1953.25,7.57776176710044,Luteal,5,1
2024-12-15,1297.98,160.0,0.0,0.0,0.0,0.0,0.0,0.0,0.0,554.43,0.0,0.0,647.99,0.0,2660.3999999999996,7.886607579109642,Luteal,6,1
2024-12-16,0.0,0.0,0.0,65.0,560.0,0.0,0.0,364.0,0.0,284.43,0.0,0.0,103.0,0.0,1376.43,7.227974723038943,Luteal,0,0
2024-12-19,0.0,0.0,0.0,0.0,0.0,0.0,0.0,0.0,103.5,0.0,320.9,0.0,200.0,0.0,624.4,6.438391445023741,Luteal,3,0
2024-12-20,0.0,0.0,0.0,0.0,0.0,279.0,0.0,0.0,0.0,0.0,190.0,0.0,50.0,0.0,519.0,6.253828811575473,Luteal,4,0
2024-12-21,296.92,100.0,0.0,0.0,60.0,734.0,0.0,0.0,0.0,0.0,0.0,0.0,0.0,0.0,1190.92,7.083320731279084,Luteal,5,1
2024-12-22,0.0,0.0,0.0,0.0,539.5,400.0,0.0,0.0,0.0,0.0,0.0,0.0,0.0,0.0,939.5,6.846411648741085,Luteal,6,1
2024-12-24,0.0,55.0,0.0,0.0,0.0,584.0,0.0,0.0,0.0,0.0,0.0,0.0,0.0,0.0,639.0,6.461468176353717,Unknown,1,0
2024-12-25,1825.6100000000001,0.0,0.0,140.0,0.0,0.0,0.0,0.0,0.0,0.0,0.0,0.0,0.0,0.0,1965.6100000000001,7.58406652725126,Unknown,2,0
2024-12-26,2339.96,0.0,0.0,0.0,500.0,0.0,0.0,0.0,79.8,0.0,0.0,59.99,0.0,0.0,2979.75,7.999930225686241,Unknown,3,0
2024-12-27,0.0,200.0,0.0,0.0,0.0,315.0,0.0,0.0,0.0,0.0,185.0,0.0,0.0,0.0,700.0,6.55250788703459,Menstruation,4,0
2024-12-28,0.0,100.0,0.0,0.0,0.0,220.0,0.0,0.0,83.05,0.0,0.0,0.0,0.0,0.0,403.05,6.001538632679456,Menstruation,5,1
2024-12-29,0.0,190.0,0.0,0.0,0.0,595.0,0.0,0.0,0.0,0.0,0.0,0.0,0.0,0.0,785.0,6.666956792429207,Menstruation,6,1
2024-12-30,0.0,200.0,0.0,0.0,0.0,215.0,0.0,0.0,0.0,0.0,65.0,0.0,0.0,0.0,480.0,6.175867270105761,Menstruation,0,0
2024-12-31,394.99,0.0,0.0,0.0,79.8,1898.0,0.0,0.0,0.0,0.0,0.0,0.0,0.0,0.0,2372.79,7.772243112958717,Menstruation,1,0
2025-01-01,0.0,50.0,0.0,0.0,500.0,0.0,0.0,0.0,0.0,0.0,15.0,0.0,0.0,0.0,565.0,6.338594078203183,Menstruation,2,0
2025-01-02,0.0,0.0,0.0,0.0,0.0,205.0,0.0,0.0,0.0,0.0,0.0,0.0,0.0,0.0,205.0,5.327876168789581,Menstruation,3,0
2025-01-04,0.0,335.0,0.0,0.0,0.0,0.0,0.0,0.0,0.0,0.0,0.0,0.0,0.0,3759.98,4094.98,8.317761283894923,Follicular,5,1
2025-01-05,0.0,400.0,0.0,0.0,0.0,0.0,0.0,0.0,0.0,0.0,0.0,0.0,0.0,0.0,400.0,5.993961427306569,Follicular,6,1
2025-01-07,0.0,0.0,0.0,0.0,0.0,0.0,0.0,0.0,0.0,91410.86,0.0,0.0,0.0,0.0,91410.86,11.423130508324013,Follicular,1,0
2025-01-08,0.0,0.0,0.0,0.0,0.0,130.0,0.0,0.0,0.0,304.43,22143.760000000002,0.0,0.0,0.0,22578.190000000002,10.024783964606723,Follicular,2,0
2025-01-09,0.0,0.0,0.0,0.0,0.0,445.0,0.0,0.0,0.0,234.43,0.0,0.0,0.0,0.0,679.4300000000001,6.522724951260455,Follicular,3,0
2025-01-10,0.0,0.0,0.0,0.0,0.0,550.0,0.0,0.0,0.0,0.0,0.0,0.0,0.0,0.0,550.0,6.311734809152915,Follicular,4,0
2025-01-11,0.0,0.0,0.0,0.0,0.0,230.0,0.0,0.0,0.0,0.0,0.0,0.0,0.0,0.0,230.0,5.442417710521793,Follicular,5,1
2025-01-12,0.0,0.0,0.0,0.0,0.0,935.0,0.0,0.0,0.0,0.0,210.0,0.0,0.0,0.0,1145.0,7.044032897274685,Ovulation,6,1
2025-01-13,0.0,0.0,248.85,0.0,0.0,885.0,0.0,0.0,0.0,0.0,34.0,0.0,40.0,0.0,1207.85,7.09742477343863,Ovulation,0,0
2025-01-14,0.0,170.0,0.0,0.0,293.4,80.0,0.0,0.0,0.0,0.0,0.0,0.0,0.0,0.0,543.4,6.299684270777311,Luteal,1,0
2025-01-15,5200.0,0.0,0.0,0.0,0.0,0.0,0.0,0.0,0.0,0.0,514.8199999999999,0.0,640.3299999999999,0.0,6355.15,8.757178127126407,Luteal,2,0
2025-01-22,0.0,0.0,0.0,0.0,0.0,0.0,0.0,0.0,0.0,0.0,0.0,0.0,0.0,8415.65,8415.65,9.037967165835417,Menstruation,2,0
2025-01-23,0.0,0.0,0.0,0.0,0.0,0.0,0.0,0.0,0.0,706.39,0.0,0.0,0.0,0.0,706.39,6.561582140397784,Luteal,3,0
2025-01-24,0.0,0.0,0.0,0.0,0.0,368.99,0.0,0.0,0.0,0.0,0.0,0.0,474.6,0.0,843.59,6.738851302505526,Menstruation,4,0
2025-01-25,0.0,0.0,0.0,0.0,0.0,0.0,0.0,0.0,0.0,0.0,0.0,0.0,0.0,12616.82,12616.82,9.44286537949377,Menstruation,5,1
2025-01-26,0.0,0.0,0.0,0.0,0.0,0.0,0.0,0.0,0.0,0.0,0.0,59.99,0.0,0.0,59.99,4.110709916308365,Menstruation,6,1
2025-01-29,0.0,0.0,0.0,0.0,0.0,235.19,0.0,0.0,0.0,0.0,0.0,0.0,0.0,0.0,235.19,5.4646365658644855,Follicular,2,0
2025-01-30,0.0,0.0,0.0,0.0,0.0,0.0,0.0,0.0,0.0,0.0,0.0,0.0,452.0,0.0,452.0,6.115892125483034,Follicular,3,0
2025-01-31,0.0,0.0,0.0,0.0,200.0,0.0,0.0,0.0,0.0,0.0,195.0,0.0,0.0,0.0,395.0,5.981414211254481,Follicular,4,0
2025-02-01,389.9,0.0,0.0,0.0,0.0,0.0,0.0,0.0,0.0,1003.04,0.15,0.0,0.0,0.0,1393.0900000000001,7.239997151646737,Follicular,5,1
2025-02-04,0.0,0.0,0.0,0.0,0.0,0.0,0.0,0.0,0.0,0.0,30.0,0.0,0.0,0.0,30.0,3.4339872044851463,Follicular,1,0
2025-02-05,0.0,0.0,0.0,0.0,500.0,0.0,0.0,0.0,99.95,306.39,520.0,0.0,50.0,0.0,1476.3400000000001,7.297998452384207,Follicular,2,0
2025-02-06,0.0,0.0,0.0,0.0,0.0,0.0,0.0,0.0,0.0,0.0,443.02,0.0,0.0,0.0,443.02,6.095869606462772,Follicular,3,0
2025-02-08,0.0,0.0,0.0,0.0,0.0,0.0,0.0,0.0,0.0,0.0,0.0,0.0,0.0,2919.74,2919.74,7.979592287813257,Ovulation,5,1
2025-02-10,0.0,0.0,0.0,0.0,0.0,480.0,0.0,0.0,0.0,0.0,500.0,0.0,0.0,0.0,980.0,6.8885724595653635,Luteal,0,0
2025-02-11,0.0,0.0,0.0,0.0,0.0,590.0,0.0,0.0,0.0,0.0,0.0,0.0,0.0,0.0,590.0,6.3818160174060985,Luteal,1,0
2025-02-12,1092.16,0.0,0.0,0.0,0.0,0.0,0.0,0.0,4557.6,0.0,0.0,0.0,90.0,0.0,5739.76,8.655346884730136,Luteal,2,0
2025-02-13,1863.0,0.0,0.0,0.0,0.0,200.0,0.0,0.0,0.0,0.0,0.0,0.0,0.0,0.0,2063.0,7.6324011266014535,Luteal,3,0
2025-02-14,0.0,0.0,0.0,0.0,500.0,0.0,0.0,0.0,660.5,6306.39,0.0,0.0,81.0,0.0,7547.89,8.92915581156704,Luteal,4,0
2025-02-15,0.0,0.0,0.0,0.0,0.0,0.0,0.0,0.0,103.5,0.0,0.0,0.0,60.0,0.0,163.5,5.1029105702054265,Luteal,5,1
2025-02-17,0.0,0.0,0.0,0.0,173.5,0.0,0.0,0.0,0.0,0.0,17.0,0.0,0.0,0.0,190.5,5.254887808620701,Unknown,0,0
2025-02-18,933.3,0.0,0.0,0.0,0.0,0.0,0.0,0.0,0.0,0.0,0.0,0.0,0.0,0.0,933.3,6.83979758579891,Unknown,1,0
2025-02-19,0.0,0.0,144.9,235.0,200.0,435.0,0.0,0.0,0.0,0.0,0.0,0.0,201.0,0.0,1215.9,7.104061920342755,Menstruation,2,0
2025-02-20,0.0,0.0,0.0,0.0,0.0,0.0,0.0,0.0,758.22,0.0,0.0,0.0,250.0,0.0,1008.22,6.916933034247903,Menstruation,3,0
2025-02-21,0.0,0.0,0.0,0.0,0.0,0.0,0.0,0.0,0.0,20012.8,0.0,0.0,0.0,0.0,20012.8,9.904177314595575,Menstruation,4,0
2025-02-22,0.0,0.0,0.0,0.0,0.0,0.0,0.0,0.0,0.0,0.0,624.0,0.0,0.0,0.0,624.0,6.437751649736401,Menstruation,5,1
2025-02-24,0.0,0.0,0.0,0.0,0.0,830.5,0.0,0.0,103.5,406.39,0.0,0.0,0.0,0.0,1340.3899999999999,7.201461668739981,Menstruation,0,0
2025-02-25,0.0,0.0,0.0,0.0,0.0,260.0,0.0,0.0,0.0,0.0,0.0,0.0,250.0,0.0,510.0,6.236369590203704,Follicular,1,0
2025-02-26,0.0,0.0,0.0,0.0,500.0,0.0,0.0,0.0,0.0,0.0,0.0,59.99,0.0,0.0,559.99,6.329703080051881,Follicular,2,0
2025-02-27,534.19,0.0,0.0,0.0,0.0,40.0,0.0,0.0,362.27,0.0,779.0,0.0,0.0,0.0,1715.46,7.448019309392898,Follicular,3,0
2025-03-01,7644.95,0.0,0.0,0.0,500.0,0.0,0.0,0.0,0.0,0.0,0.0,0.0,0.0,0.0,8144.95,9.005276150207688,Follicular,5,1
2025-03-03,0.0,0.0,0.0,0.0,0.0,405.0,0.0,0.0,0.0,0.0,26.0,0.0,0.0,0.0,431.0,6.068425588244111,Follicular,0,0
2025-03-04,0.0,0.0,0.0,0.0,0.0,335.0,0.0,0.0,0.0,0.0,15.0,0.0,0.0,0.0,350.0,5.860786223465865,Follicular,1,0
2025-03-05,3364.99,0.0,250.0,0.0,0.0,0.0,0.0,0.0,0.0,0.0,0.0,0.0,0.0,0.0,3614.99,8.193120956021517,Follicular,2,0
2025-03-06,0.0,0.0,0.0,0.0,0.0,65.0,0.0,0.0,2199.0,0.0,0.0,0.0,0.0,0.0,2264.0,7.725330037917135,Ovulation,3,0
2025-03-07,0.0,0.0,0.0,0.0,0.0,315.0,0.0,0.0,0.0,0.0,0.0,0.0,0.0,0.0,315.0,5.755742213586912,Ovulation,4,0
2025-03-08,0.0,0.0,0.0,0.0,0.0,355.0,0.0,0.0,3212.88,0.0,0.0,0.0,479.3,0.0,4047.1800000000003,8.306022676381863,Luteal,5,1
2025-03-09,0.0,0.0,179.9,0.0,0.0,250.0,0.0,0.0,1498.0,0.0,0.0,0.0,0.0,0.0,1927.9,7.5647051712301945,Luteal,6,1
2025-03-10,0.0,0.0,0.0,0.0,0.0,0.0,0.0,0.0,0.0,0.0,1676.0,0.0,0.0,0.0,1676.0,7.424761761823209,Luteal,0,0
2025-03-11,6517.950000000001,0.0,0.0,0.0,0.0,120.0,0.0,0.0,0.0,0.0,0.0,0.0,0.0,0.0,6637.950000000001,8.800709097436092,Luteal,1,0
2025-03-12,0.0,0.0,0.0,0.0,0.0,0.0,0.0,0.0,0.0,0.0,140.0,0.0,0.0,0.0,140.0,4.948759890378168,Luteal,2,0
2025-03-13,0.0,0.0,0.0,0.0,0.0,140.0,0.0,0.0,0.0,0.0,0.0,0.0,2154.37,0.0,2294.37,7.738649329543664,Luteal,3,0
2025-03-14,0.0,0.0,0.0,0.0,0.0,158.0,0.0,0.0,860.15,0.0,1900.0,0.0,0.0,0.0,2918.15,7.979047756995284,Luteal,4,0
2025-03-15,0.0,0.0,0.0,0.0,500.0,240.0,0.0,0.0,0.0,0.0,120.0,0.0,0.0,0.0,860.0,6.7580945044277305,Menstruation,5,1
2025-03-16,0.0,0.0,0.0,0.0,0.0,442.0,0.0,0.0,0.0,0.0,34.0,0.0,0.0,0.0,476.0,6.1675164908883415,Menstruation,6,1
2025-03-17,0.0,0.0,0.0,0.0,0.0,140.0,0.0,0.0,0.0,0.0,415.0,0.0,0.0,0.0,555.0,6.320768294250582,Luteal,0,0
2025-03-18,0.0,0.0,0.0,0.0,0.0,355.5,0.0,0.0,0.0,0.0,0.0,0.0,0.0,0.0,355.5,5.8763342398543505,Luteal,1,0
2025-03-19,0.0,0.0,0.0,0.0,0.0,100.0,0.0,0.0,0.0,0.0,41.0,0.0,0.0,0.0,141.0,4.955827057601261,Menstruation,2,0
2025-03-20,0.0,0.0,0.0,0.0,0.0,814.8,0.0,0.0,0.0,0.0,268.0,0.0,0.0,0.0,1082.8,6.988228663132014,Menstruation,3,0
2025-03-21,0.0,0.0,0.0,0.0,0.0,286.0,0.0,0.0,0.0,106.39,15.0,0.0,0.0,0.0,407.39,6.012222600192492,Follicular,4,0
2025-03-22,0.0,0.0,0.0,0.0,0.0,260.0,0.0,0.0,51.75,156.39,120.0,0.0,0.0,0.0,588.14,6.378663846409254,Follicular,5,1
2025-03-23,0.0,0.0,0.0,0.0,0.0,430.0,0.0,0.0,51.75,426.39,0.0,0.0,0.0,0.0,908.14,6.812499097719865,Follicular,6,1
2025-03-24,0.0,0.0,0.0,0.0,100.0,85.0,0.0,0.0,0.0,0.0,40.0,0.0,0.0,0.0,225.0,5.420534999272286,Follicular,0,0
2025-03-25,0.0,0.0,0.0,0.0,500.0,70.0,0.0,0.0,0.0,0.0,1708.36,0.0,0.0,0.0,2278.3599999999997,7.731649980789989,Follicular,1,0
2025-03-26,0.0,0.0,0.0,0.0,0.0,80.0,0.0,0.0,1999.0,0.0,0.0,59.99,0.0,0.0,2138.99,7.668556435107782,Follicular,2,0
2025-03-27,0.0,0.0,0.0,0.0,0.0,293.99,0.0,0.0,769.98,0.0,16.0,0.0,0.0,0.0,1079.97,6.985614065172706,Follicular,3,0
2025-03-28,0.0,0.0,0.0,0.0,0.0,458.99,0.0,0.0,0.0,0.0,0.0,0.0,0.0,0.0,458.99,6.1312047501164075,Follicular,4,0
2025-03-29,583.52,0.0,0.0,0.0,0.0,0.0,0.0,0.0,0.0,0.0,0.0,0.0,0.0,0.0,583.52,6.370790997606451,Follicular,5,1
2025-04-03,0.0,0.0,0.0,0.0,0.0,294.0,0.0,0.0,0.0,0.0,595.0,0.0,0.0,0.0,889.0,6.7912214627261855,Luteal,3,0
2025-04-05,0.0,0.0,0.0,0.0,0.0,152.5,0.0,0.0,0.0,0.0,20.0,0.0,0.0,0.0,172.5,5.156177599386914,Luteal,5,1
2025-04-06,0.0,0.0,0.0,0.0,0.0,330.0,0.0,0.0,0.0,0.0,20.0,0.0,0.0,0.0,350.0,5.860786223465865,Luteal,6,1
2025-04-07,0.0,0.0,0.0,0.0,500.0,355.0,0.0,0.0,0.0,0.0,0.0,0.0,0.0,0.0,855.0,6.752270376141742,Luteal,0,0
2025-04-08,0.0,0.0,0.0,0.0,0.0,215.0,0.0,0.0,0.0,256.39,38.0,0.0,0.0,0.0,509.39,6.235175139362156,Unknown,1,0
2025-04-09,0.0,0.0,0.0,0.0,0.0,0.0,0.0,0.0,0.0,226.39,0.0,0.0,0.0,0.0,226.39,5.4266666049757,Unknown,2,0
2025-04-10,0.0,0.0,0.0,0.0,0.0,1259.8,0.0,0.0,129.99,0.0,0.0,0.0,0.0,0.0,1389.79,7.237627210001444,Unknown,3,0
2025-04-11,0.0,135.0,0.0,0.0,0.0,350.0,0.0,0.0,0.0,0.0,36.0,0.0,0.0,0.0,521.0,6.257667587882639,Menstruation,4,0
